VARIANT_ID,VARIANT_HGVS,VARIANT_CHROMOSOME,VARIANT_START,VARIANT_END,VARIANT_DBSNP,VARIANT_REFERENCE,VARIANT_ALTERNATIVE,VARIANT_GENEID,VARIANT_REGION,VARIANT_REGIONNUM,VARIANT_CONSEQUENCE,VARIANT_CONSEQUENCEDETAILS
1,chr1:g.123456C>G,chr1,123456,123456,rs1232,C,G,1,null,null,intron,NMD
2,chr1:g.65489797A>G,chr1,65489797,65489797,rs123211,A,G,0,null,null,intron,downstream
3,chr2:g.321321T>A,chr2,321321,321321,rs5555,T,A,0,null,null,REGULATORY,downstream
4,chr2:g.46789321T>AGGC,chr2,46789321,46789321,rs1321321,T,AGGC,2,null,null,3PRIME_UTR,NMD
5,chr3:g.2225647AAA>A,chr3,2225647,2225647,rs465477,AAA,A,3,null,null,3PRIME_UTR,NMD
6,chr3:g.45622987C>A,chr3,45622987,45622987,rs197878,C,A,0,null,null,intron,NMD
7,chrY:g.654987GC>G,chrY,123456,123456,rs155678,GC,G,4,null,null,intron,NMD
8,chrX:g.22341578T>A,chrX,22341578,22341578,rs4643214,T,A,0,null,null,intron,downstream
9,chr4:g.1123456CG>A,chr4,1123456,1123456,rs18888,CG,A,0,null,null,REGULATORY,downstream
10,chr4:g.14620765A>GGA,chr4,14620765,14620765,rs998797,A,GGA,5,null,null,3PRIME_UTR,NMD
11,chr5:g.2225647AAA>A,chr5,2225647,65489797,rs1564674,AAA,A,6,null,null,3PRIME_UTR,NMD
12,chr5:g.45622987C>A,chr5,45622987,45622987,rs198797987,C,A,0,null,null,intron,NMD
13,chr6:g.2225647AAA>A,chr9,2225647,2225647,rs465477,AAA,A,3,null,null,3PRIME_UTR,NMD
14,chr6:g.45622987C>A,chr9,45622987,45622987,rs197878,C,A,0,null,null,intron,NMD
15,chr7:g.654987GC>G,chr7,123456,123456,rs155678,GC,G,4,null,null,intron,NMD
16,chr7:g.22341578T>A,chr7,22341578,22341578,rs4643214,T,A,0,null,null,intron,downstream
17,chr8:g.1123456CG>A,chr8,1123456,1123456,rs18888,CG,A,0,null,null,REGULATORY,downstream
18,chr8:g.14620765A>GGA,chr8,14620765,14620765,rs998797,A,GGA,5,null,null,3PRIME_UTR,NMD
19,chr9:g.2225647AAA>A,chr9,2225647,65489797,rs1564674,AAA,A,6,null,null,3PRIME_UTR,NMD
20,chr9g.45622987C>A,chr9,45622987,45622987,rs198797987,C,A,0,null,null,intron,NMD
21,chr10:g.123456C>G,chr10,123456,123456,rs1232,C,G,1,null,null,intron,NMD
22,chr10:g.65489797A>G,chr10,65489797,65489797,rs123211,A,G,0,null,null,intron,downstream
23,chr11:g.321321T>A,chr11,321321,321321,rs5555,T,A,0,null,null,REGULATORY,downstream
24,chr11:g.46789321T>AGGC,chr11,46789321,46789321,rs1321321,T,AGGC,2,null,null,3PRIME_UTR,NMD
25,chr13:g.2225647AAA>A,chr13,2225647,2225647,rs465477,AAA,A,3,null,null,3PRIME_UTR,NMD
26,chr13:g.45622987C>A,chr13,45622987,45622987,rs197878,C,A,0,null,null,intron,NMD
27,chr15:g.654987GC>G,chr15,123456,123456,rs155678,GC,G,4,null,null,intron,NMD
28,chr15:g.22341578T>A,chr15,22341578,22341578,rs4643214,T,A,0,null,null,intron,downstream
29,chr14:g.1123456CG>A,chr14,1123456,1123456,rs18888,CG,A,0,null,null,REGULATORY,downstream
30,chr44:g.14620765A>GGA,chr14,14620765,14620765,rs998797,A,GGA,5,null,null,3PRIME_UTR,NMD
